ON974872.1,Bangladesh,BA.2.10,complete
ON974873.1,Bangladesh,BA.2.10,complete
ON980706.1,Bangladesh,BA.2.10,complete
ON909199.1,Bangladesh,B.1.617.2,complete
ON909201.1,Bangladesh,B.1.617.2,complete
ON909202.1,Bangladesh,B.1.617.2,complete
ON909203.1,Bangladesh,AY.122,complete
ON909204.1,Bangladesh,AY.122,complete
ON810538.1,Bangladesh,BA.2,complete
ON810539.1,Bangladesh,BA.2.10,complete
ON810540.1,Bangladesh,BA.2.10,complete
ON810541.1,Bangladesh,BA.2.10,complete
ON810542.1,Bangladesh,BA.2.10,complete
ON810543.1,Bangladesh,BA.2,complete
ON026021.1,Bangladesh,BA.1,complete
ON026022.1,Bangladesh,BA.1,complete
ON026024.1,Bangladesh,BA.1,complete
ON026025.1,Bangladesh,BA.2,complete
ON026026.1,Bangladesh,BA.2.10,complete
ON026027.1,Bangladesh,BA.2,complete
ON026028.1,Bangladesh,BA.2.10,complete
ON026029.1,Bangladesh,BA.1.1,complete
ON026030.1,Bangladesh,BA.1.1,complete
ON026031.1,Bangladesh,BA.2.37,complete
ON026032.1,Bangladesh,BA.2.10,complete
ON026033.1,Bangladesh,BA.2.10,complete
ON026034.1,Bangladesh,BA.2,complete
ON026035.1,Bangladesh,BA.1,complete
ON026036.1,Bangladesh,BA.1.1,complete
ON026038.1,Bangladesh,BA.2,complete
ON026039.1,Bangladesh,BA.2.10,complete
ON026040.1,Bangladesh,BA.2,complete
ON026041.1,Bangladesh,BA.2.10,complete
ON026042.1,Bangladesh,BA.1.18,complete
ON026043.1,Bangladesh,BA.1,complete
ON026044.1,Bangladesh,BA.2.10.1,complete
ON026045.1,Bangladesh,BA.1.1,complete
ON026046.1,Bangladesh,BA.1.1,complete
ON026049.1,Bangladesh,BA.1.1,complete
ON026050.1,Bangladesh,BA.1.18,complete
ON026051.1,Bangladesh,BA.2.10,complete
ON026052.1,Bangladesh,BA.2,complete
ON026053.1,Bangladesh,BA.1.18,complete
ON026054.1,Bangladesh,BA.2.10,complete
ON026055.1,Bangladesh,BA.1.1,complete
ON026056.1,Bangladesh,BA.2.10.1,complete
ON026057.1,Bangladesh,BA.2,complete
ON026058.1,Bangladesh,BA.1.1,complete
ON026059.1,Bangladesh,BA.2,complete
OM988404.1,Bangladesh,BA.2.10,complete
OM967280.1,Bangladesh,B.1.1.25,complete
OM967281.1,Bangladesh,B.1.1.25,complete
OM967282.1,Bangladesh,B.1.36.16,complete
OM967283.1,Bangladesh,B.1.36.8,complete
OM967284.1,Bangladesh,B.1.1.25,complete
OM967285.1,Bangladesh,B.1.36.8,complete
OM967286.1,Bangladesh,B.1.1.25,complete
OM967287.1,Bangladesh,B.1.1.25,complete
OM967289.1,Bangladesh,B.1.36.16,complete
OM967291.1,Bangladesh,B.1.1.25,complete
OM967292.1,Bangladesh,B.1.1.25,complete
OM967295.1,Bangladesh,B.1.1.25,complete
OM967297.1,Bangladesh,B.1.1.25,complete
OM967300.1,Bangladesh,B.1.1.25,complete
OM967301.1,Bangladesh,B.1.1.25,complete
OM967303.1,Bangladesh,B.1.1.25,complete
OM967304.1,Bangladesh,B.1.1.25,complete
OM967305.1,Bangladesh,B.1.1.25,complete
OM967306.1,Bangladesh,B.1.1.25,complete
OM967307.1,Bangladesh,B.1.1.25,complete
OM967308.1,Bangladesh,B.1.36.8,complete
OM967309.1,Bangladesh,B.1.36.16,complete
OM967310.1,Bangladesh,B.1.36.8,complete
OM967311.1,Bangladesh,B.1.36.8,complete
OM967312.1,Bangladesh,B.1.1.25,complete
OM967313.1,Bangladesh,B.1.1.25,complete
OM967314.1,Bangladesh,B.1.1.25,complete
OM967315.1,Bangladesh,B.1.36.16,complete
OM967316.1,Bangladesh,B.1.1.25,complete
OM967317.1,Bangladesh,B.1.1.25,complete
OM967318.1,Bangladesh,B.1.36.8,complete
OM967320.1,Bangladesh,B.1.1.25,complete
OM967321.1,Bangladesh,B.1.36.8,complete
OM967323.1,Bangladesh,B.1.1.25,complete
OM967325.1,Bangladesh,B.1.1.25,complete
OM967326.1,Bangladesh,B.1.1.25,complete
OM967328.1,Bangladesh,B.1.36.8,complete
OM967329.1,Bangladesh,B.1.36.16,complete
OM967330.1,Bangladesh,B.1.1.25,complete
OM967331.1,Bangladesh,B.1.36.16,complete
OM967333.1,Bangladesh,B.1.1.25,complete
OM760599.1,Bangladesh,BA.1.17.2,complete
OM721708.1,Bangladesh,B.1.617.2,complete
OM721738.1,Bangladesh,B.1.617.2,complete
OM721740.1,Bangladesh,B.1.617.2,complete
OM692460.1,Bangladesh,BA.2.10,complete
OM692461.1,Bangladesh,BA.2.10.1,complete
OM692464.1,Bangladesh,BA.2.10,complete
OM692488.1,Bangladesh,B.1.617.2,complete
OM692491.1,Bangladesh,B.1.617.2,complete
OM638578.1,Bangladesh,BA.2,complete
OM638582.1,Bangladesh,BA.2.10,complete
OM570231.1,Bangladesh,BA.2.37,complete
OM570249.1,Bangladesh,BA.2,complete
OM570252.1,Bangladesh,BA.2,complete
OM570253.1,Bangladesh,BA.2.10,complete
OM570254.1,Bangladesh,BA.2,complete
OM570262.1,Bangladesh,BA.1,complete
OM570263.1,Bangladesh,B.1.1.529,complete
OM570264.1,Bangladesh,B.1.1.529,complete
OM574616.1,Bangladesh,BA.1.15,complete
OM574617.1,Bangladesh,BA.1.15,complete
OM574618.1,Bangladesh,BA.1.15,complete
OM574619.1,Bangladesh,BA.1.15,complete
OM574620.1,Bangladesh,BA.2,complete
OM574621.1,Bangladesh,BA.2,complete
OM574622.1,Bangladesh,BA.1,complete
OM574623.1,Bangladesh,BA.1.15,complete
OM535886.1,Bangladesh,BA.2.10,complete
OM533379.1,Bangladesh,BA.1.1,complete
OM533383.1,Bangladesh,BA.2.10,complete
OM533393.1,Bangladesh,BA.1,complete
OM533394.1,Bangladesh,BA.1,complete
OM533396.1,Bangladesh,BA.2.10,complete
OM533400.1,Bangladesh,BA.2.10.1,complete
OM533432.1,Bangladesh,BA.1.1,complete
OM533441.1,Bangladesh,BA.2.10,complete
OM533446.1,Bangladesh,BA.2.10,complete
OM533447.1,Bangladesh,BA.2.10.1,complete
OM533454.1,Bangladesh,BA.2,complete
OM533457.1,Bangladesh,BA.2.10.3,complete
OM533458.1,Bangladesh,BA.2,complete
OM533459.1,Bangladesh,BA.2.10,complete
OM276990.1,Bangladesh,B.1.617.2,complete
OM276998.1,Bangladesh,B.1.617.2,complete
OM277001.1,Bangladesh,AY.65,complete
OM277504.1,Bangladesh,B.1.617.2,complete
OM277514.1,Bangladesh,B.1.617.2,complete
OM277516.1,Bangladesh,B.1.617.2,complete
OM277522.1,Bangladesh,B.1.617.2,complete
OM278238.1,Bangladesh,B.1.617.2,complete
OM278240.1,Bangladesh,B.1.617.2,complete
OM278245.1,Bangladesh,B.1.617.2,complete
OM278246.1,Bangladesh,B.1.617.2,complete
OM278247.1,Bangladesh,B.1.617.2,complete
OM278251.1,Bangladesh,B.1.617.2,complete
OM278255.1,Bangladesh,B.1.617.2,complete
OM278256.1,Bangladesh,B.1.617.2,complete
OM278269.1,Bangladesh,AY.122,complete
OM278271.1,Bangladesh,AY.122,complete
OM278273.1,Bangladesh,B.1.617.2,complete
OM278275.1,Bangladesh,AY.122,complete
OM278316.1,Bangladesh,AY.127,complete
OM278330.1,Bangladesh,B.1.617.2,complete
OM278331.1,Bangladesh,B.1.617.2,complete
OM278338.1,Bangladesh,B.1.617.2,complete
OM090139.1,Bangladesh,B.1.617.2,complete
OM090140.1,Bangladesh,AY.122,complete
OM090150.1,Bangladesh,B.1.617.2,complete
OM090153.1,Bangladesh,B.1.617.2,complete
OM090156.1,Bangladesh,B.1.617.2,complete
OM090160.1,Bangladesh,B.1.617.2,complete
OM090161.1,Bangladesh,B.1.617.2,complete
OM090162.1,Bangladesh,AY.122,complete
OM049437.1,Bangladesh,B.1.617.2,complete
OM049440.1,Bangladesh,B.1.617.2,complete
OM049447.1,Bangladesh,AY.112,complete
OM049448.1,Bangladesh,B.1.617.2,complete
OM019123.1,Bangladesh,AY.65,complete
OM019126.1,Bangladesh,B.1.617.2,complete
OM019128.1,Bangladesh,B.1.617.2,complete
OM019130.1,Bangladesh,B.1.617.2,complete
OM019131.1,Bangladesh,AY.122,complete
OM019132.1,Bangladesh,B.1.617.2,complete
OM019133.1,Bangladesh,B.1.617.2,complete
OM019135.1,Bangladesh,AY.65,complete
OM019138.1,Bangladesh,B.1.617.2,complete
OM019140.1,Bangladesh,AY.122,complete
OM019141.1,Bangladesh,AY.65,complete
OM019143.1,Bangladesh,B.1.617.2,complete
OM019151.1,Bangladesh,B.1.617.2,complete
OM019152.1,Bangladesh,AY.122,complete
OM019153.1,Bangladesh,B.1.617.2,complete
OM019155.1,Bangladesh,B.1.617.2,complete
OL989388.1,Bangladesh,B.1.617.2,complete
OL989390.1,Bangladesh,B.1.617.2,complete
OL989392.1,Bangladesh,B.1.617.2,complete
OL989394.1,Bangladesh,B.1.617.2,complete
OL989398.1,Bangladesh,AY.127,complete
OL989400.1,Bangladesh,B.1.617.2,complete
OL989402.1,Bangladesh,B.1.617.2,complete
OL989403.1,Bangladesh,B.1.617.2,complete
OL989404.1,Bangladesh,B.1.617.2,complete
OL989405.1,Bangladesh,B.1.617.2,complete
OL989407.1,Bangladesh,B.1.617.2,complete
OL989415.1,Bangladesh,B.1.617.2,complete
OL989417.1,Bangladesh,B.1.617.2,complete
OL989421.1,Bangladesh,B.1.617.2,complete
OL989424.1,Bangladesh,B.1.617.2,complete
OL966454.1,Bangladesh,B.1.617.2,complete
OL966455.1,Bangladesh,B.1.617.2,complete
OL966457.1,Bangladesh,B.1.617.2,complete
OL966458.1,Bangladesh,B.1.617.2,complete
OL966459.1,Bangladesh,AY.122,complete
OL966460.1,Bangladesh,B.1.617.2,complete
OL966462.1,Bangladesh,B.1.617.2,complete
OL966463.1,Bangladesh,B.1.617.2,complete
OL966464.1,Bangladesh,B.1.617.2,complete
OL966465.1,Bangladesh,B.1.617.2,complete
OL966466.1,Bangladesh,B.1.617.2,complete
OL966467.1,Bangladesh,B.1.617.2,complete
OL966470.1,Bangladesh,B.1.617.2,complete
OL966471.1,Bangladesh,B.1.617.2,complete
OL966472.1,Bangladesh,B.1.617.2,complete
OL966475.1,Bangladesh,B.1.617.2,complete
OL966479.1,Bangladesh,B.1.617.2,complete
OL966480.1,Bangladesh,B.1.617.2,complete
OL966481.1,Bangladesh,B.1.617.2,complete
OL966482.1,Bangladesh,B.1.617.2,complete
OL966483.1,Bangladesh,AY.122,complete
OL966485.1,Bangladesh,B.1.617.2,complete
OL966486.1,Bangladesh,B.1.617.2,complete
OL966487.1,Bangladesh,B.1.617.2,complete
OL966488.1,Bangladesh,AY.122,complete
OL966490.1,Bangladesh,B.1.617.2,complete
OL966492.1,Bangladesh,B.1.617.2,complete
OL966493.1,Bangladesh,AY.122,complete
OL966495.1,Bangladesh,B.1.617.2,complete
OL966497.1,Bangladesh,B.1.617.2,complete
OL966498.1,Bangladesh,B.1.617.2,complete
OL966500.1,Bangladesh,AY.122,complete
OL966501.1,Bangladesh,B.1.617.2,complete
OL966502.1,Bangladesh,B.1.617.2,complete
OL966504.1,Bangladesh,B.1.617.2,complete
OL966506.1,Bangladesh,B.1.617.2,complete
OL966507.1,Bangladesh,B.1.617.2,complete
OL966508.1,Bangladesh,B.1.617.2,complete
OL966510.1,Bangladesh,AY.75.2,complete
OL966511.1,Bangladesh,B.1.617.2,complete
OL966515.1,Bangladesh,AY.65,complete
OL966516.1,Bangladesh,AY.122,complete
OL966521.1,Bangladesh,B.1.617.2,complete
OL966522.1,Bangladesh,B.1.617.2,complete
OL966525.1,Bangladesh,B.1.617.2,complete
OL966530.1,Bangladesh,B.1.617.2,complete
OL958462.1,Bangladesh,B.1.617.2,complete
OL958463.1,Bangladesh,B.1.617.2,complete
OL958464.1,Bangladesh,B.1.617.2,complete
OL958465.1,Bangladesh,AY.122,complete
OL958467.1,Bangladesh,B.1.617.2,complete
OL958468.1,Bangladesh,B.1.617.2,complete
OL958470.1,Bangladesh,B.1.617.2,complete
OL958472.1,Bangladesh,B.1.617.2,complete
OL958474.1,Bangladesh,B.1.617.2,complete
OL958475.1,Bangladesh,B.1.617.2,complete
OL958476.1,Bangladesh,B.1.617.2,complete
OL958477.1,Bangladesh,B.1.617.2,complete
OL958479.1,Bangladesh,B.1.617.2,complete
OL958480.1,Bangladesh,AY.122,complete
OL958481.1,Bangladesh,B.1.617.2,complete
OL958482.1,Bangladesh,B.1.617.2,complete
OL958511.1,Bangladesh,B.1.617.2,complete
OL958517.1,Bangladesh,AY.122,complete
OL958520.1,Bangladesh,B.1.617.2,complete
OL958521.1,Bangladesh,B.1.617.2,complete
OL958522.1,Bangladesh,B.1.617.2,complete
OL958524.1,Bangladesh,B.1.617.2,complete
OL958525.1,Bangladesh,B.1.617.2,complete
OL958527.1,Bangladesh,B.1.617.2,complete
OL958528.1,Bangladesh,B.1.617.2,complete
OL958529.1,Bangladesh,B.1.617.2,complete
OL958530.1,Bangladesh,B.1.617.2,complete
OL958531.1,Bangladesh,B.1.617.2,complete
OL958532.1,Bangladesh,B.1.617.2,complete
OL958533.1,Bangladesh,B.1.617.2,complete
OL913807.1,Bangladesh,B.1.617.2,complete
OL913809.1,Bangladesh,B.1.617.2,complete
OL913810.1,Bangladesh,AY.122,complete
OL913813.1,Bangladesh,B.1.617.2,complete
OL913815.1,Bangladesh,AY.122,complete
OL913816.1,Bangladesh,B.1.617.2,complete
OL913817.1,Bangladesh,B.1.617.2,complete
OL913820.1,Bangladesh,B.1.617.2,complete
OL913821.1,Bangladesh,B.1.617.2,complete
OL913822.1,Bangladesh,B.1.617.2,complete
OL913824.1,Bangladesh,AY.122,complete
OL913826.1,Bangladesh,B.1.617.2,complete
OL913827.1,Bangladesh,B.1.617.2,complete
OL913828.1,Bangladesh,B.1.617.2,complete
OL913829.1,Bangladesh,AY.122,complete
OL913834.1,Bangladesh,B.1.617.2,complete
OL913835.1,Bangladesh,B.1.617.2,complete
OL913836.1,Bangladesh,AY.65,complete
OL913837.1,Bangladesh,B.1.617.2,complete
OL913840.1,Bangladesh,B.1.617.2,complete
OL913842.1,Bangladesh,B.1.617.2,complete
OL913843.1,Bangladesh,B.1.617.2,complete
OL913844.1,Bangladesh,B.1.617.2,complete
OL913845.1,Bangladesh,AY.122,complete
OL913846.1,Bangladesh,B.1.617.2,complete
OL913848.1,Bangladesh,B.1.617.2,complete
OL913849.1,Bangladesh,B.1.617.2,complete
OL913851.1,Bangladesh,B.1.617.2,complete
OL913852.1,Bangladesh,B.1.617.2,complete
OL913853.1,Bangladesh,B.1.617.2,complete
OL913854.1,Bangladesh,B.1.617.2,complete
OL913856.1,Bangladesh,B.1.617.2,complete
OL910953.1,Bangladesh,AY.122,complete
OL910954.1,Bangladesh,B.1.617.2,complete
OL910956.1,Bangladesh,AY.122,complete
OL910960.1,Bangladesh,B.1.617.2,complete
OL910961.1,Bangladesh,B.1.617.2,complete
OL910962.1,Bangladesh,AY.122,complete
OL910964.1,Bangladesh,B.1.617.2,complete
OL910965.1,Bangladesh,B.1.617.2,complete
OL910966.1,Bangladesh,B.1.617.2,complete
OL910968.1,Bangladesh,B.1.617.2,complete
OL910969.1,Bangladesh,B.1.617.2,complete
OL910970.1,Bangladesh,B.1.617.2,complete
OL910971.1,Bangladesh,AY.122,complete
OL910973.1,Bangladesh,B.1.617.2,complete
OL910979.1,Bangladesh,B.1.617.2,complete
OL910981.1,Bangladesh,B.1.617.2,complete
OL910982.1,Bangladesh,B.1.617.2,complete
OL910984.1,Bangladesh,B.1.617.2,complete
OL910985.1,Bangladesh,B.1.617.2,complete
OL910987.1,Bangladesh,B.1.617.2,complete
OL910990.1,Bangladesh,B.1.617.2,complete
OL910991.1,Bangladesh,AY.127,complete
OL910992.1,Bangladesh,B.1.617.2,complete
OL910995.1,Bangladesh,B.1.617.2,complete
OL910996.1,Bangladesh,B.1.617.2,complete
OL911000.1,Bangladesh,B.1.617.2,complete
OL911002.1,Bangladesh,B.1.617.2,complete
OL911003.1,Bangladesh,B.1.617.2,complete
OL911005.1,Bangladesh,B.1.617.2,complete
OL911007.1,Bangladesh,B.1.617.2,complete
OL911008.1,Bangladesh,B.1.617.2,complete
OL911009.1,Bangladesh,AY.122,complete
OL911011.1,Bangladesh,B.1.617.2,complete
OL911013.1,Bangladesh,AY.122,complete
OL911015.1,Bangladesh,B.1.617.2,complete
OL911018.1,Bangladesh,B.1.617.2,complete
OL911020.1,Bangladesh,B.1.617.2,complete
OL911021.1,Bangladesh,B.1.617.2,complete
OL911025.1,Bangladesh,B.1.617.2,complete
OL911028.1,Bangladesh,AY.122,complete
OL911029.1,Bangladesh,B.1.617.2,complete
OL911030.1,Bangladesh,B.1.617.2,complete
OL911033.1,Bangladesh,B.1.617.2,complete
OL911034.1,Bangladesh,B.1.617.2,complete
OL911038.1,Bangladesh,B.1.617.2,complete
OL911039.1,Bangladesh,B.1.617.2,complete
OL911041.1,Bangladesh,B.1.617.2,complete
OL911044.1,Bangladesh,B.1.617.2,complete
OL911045.1,Bangladesh,B.1.617.2,complete
LC647128.1,Bangladesh,B.1,complete
LC647129.1,Bangladesh,B.1.1.25,complete
LC647130.1,Bangladesh,B.1.1.25,complete
LC647131.1,Bangladesh,B.1.1.25,complete
LC647132.1,Bangladesh,B.1.1.25,complete
LC647133.1,Bangladesh,B.1.1.25,complete
LC647134.1,Bangladesh,B.1,complete
LC647135.1,Bangladesh,B.1.1.25,complete
LC647136.1,Bangladesh,B.1.1.25,complete
LC647137.1,Bangladesh,B.1.1,complete
LC647138.1,Bangladesh,B.1,complete
LC647139.1,Bangladesh,B.1.1.25,complete
LC647140.1,Bangladesh,B.1,complete
LC647141.1,Bangladesh,B.1.1.25,complete
LC647142.1,Bangladesh,B.1.1.25,complete
LC647143.1,Bangladesh,B.1,complete
LC647144.1,Bangladesh,B.1.36.16,complete
LC647145.1,Bangladesh,B.1.36.16,complete
LC647146.1,Bangladesh,B.1.1.25,complete
LC647147.1,Bangladesh,B.1.1.25,complete
LC647148.1,Bangladesh,B.1.1.25,complete
LC647149.1,Bangladesh,B.1.1.25,complete
LC647150.1,Bangladesh,B.1,complete
LC647151.1,Bangladesh,B.1.1.25,complete
MZ749904.1,Bangladesh,B.1,complete
MZ749905.1,Bangladesh,B.1,complete
MZ749906.1,Bangladesh,B.1.1.25,complete
MZ749907.1,Bangladesh,B.1.1.25,complete
MZ749908.1,Bangladesh,B.1.1.25,complete
MZ749909.1,Bangladesh,B.1,complete
MZ562477.1,Bangladesh,B.1.1.25,complete
MZ562479.1,Bangladesh,B.1.1.25,complete
MZ562480.1,Bangladesh,B.1.351.3,complete
MZ562481.1,Bangladesh,B.1.1.25,complete
MZ562482.1,Bangladesh,B.1.1.25,complete
MZ562483.1,Bangladesh,B.1.351.3,complete
MZ562485.1,Bangladesh,B.1.351.3,complete
MZ562486.1,Bangladesh,B.1.351.3,complete
MZ562487.1,Bangladesh,B.1.1.25,complete
MZ562488.1,Bangladesh,B.1.351.3,complete
MZ562489.1,Bangladesh,B.1.1,complete
MZ562490.1,Bangladesh,B.1.351.3,complete
MZ562491.1,Bangladesh,B.1.1.25,complete
MZ413878.1,Bangladesh,B.1,complete
MZ413974.1,Bangladesh,B.1.1.7,complete
MZ413975.1,Bangladesh,B.1.1.7,complete
MZ413976.1,Bangladesh,B.1.1.7,complete
MZ413977.1,Bangladesh,B.1.1.7,complete
MZ413978.1,Bangladesh,B.1.1.7,complete
MZ413979.1,Bangladesh,B.1.1.7,complete
MZ413980.1,Bangladesh,B.1.1.7,complete
MZ413981.1,Bangladesh,B.1.1.7,complete
MZ413982.1,Bangladesh,B.1.1.7,complete
MZ413983.1,Bangladesh,B.1.1.7,complete
MZ413984.1,Bangladesh,B.1.1.7,complete
MZ413985.1,Bangladesh,B.1.1.7,complete
MZ413987.1,Bangladesh,B.1.1.7,complete
MZ413988.1,Bangladesh,B.1.1.7,complete
MZ413989.1,Bangladesh,B.1.1.7,complete
MZ413990.1,Bangladesh,B.1.1.7,complete
MZ413992.1,Bangladesh,B.1.1.7,complete
MZ413993.1,Bangladesh,B.1.1.7,complete
MZ413994.1,Bangladesh,B.1.1.7,complete
MZ413995.1,Bangladesh,B.1.1.7,complete
MZ470855.1,Bangladesh,B.1.617.2,complete
MZ401459.1,Bangladesh,B.1.617.2,complete
MZ401460.1,Bangladesh,B.1.617.2,complete
MZ401461.1,Bangladesh,B.1,complete
MZ401462.1,Bangladesh,B.1,complete
MZ401465.1,Bangladesh,B.1.617.2,complete
MZ148590.1,Bangladesh,B.1.1.25,complete
MZ148591.1,Bangladesh,B.1.1.25,complete
MZ148592.1,Bangladesh,B.1.1.25,complete
MZ148593.1,Bangladesh,B.1.1.25,complete
MZ148594.1,Bangladesh,B.1.1.25,complete
MZ148595.1,Bangladesh,B.1.1.25,complete
MZ148596.1,Bangladesh,B.1.1.25,complete
MZ148597.1,Bangladesh,B.1.1.25,complete
MZ148598.1,Bangladesh,B.1.1.25,complete
MZ148599.1,Bangladesh,B.1.1.25,complete
MZ148600.1,Bangladesh,B.1.1.25,complete
MZ148601.1,Bangladesh,B.1.1.25,complete
MZ148602.1,Bangladesh,B.1.1.25,complete
MZ148603.1,Bangladesh,B.1.1.25,complete
MZ148604.1,Bangladesh,B.1.1.25,complete
MZ148605.1,Bangladesh,B.1.1.25,complete
MZ148606.1,Bangladesh,B.1.1.25,complete
MZ148607.1,Bangladesh,B.1.1.25,complete
MZ148608.1,Bangladesh,B.1.1.25,complete
MZ148610.1,Bangladesh,B.1.1.25,complete
MZ148611.1,Bangladesh,B.1.1.25,complete
MZ148612.1,Bangladesh,B.1.1.25,complete
MZ020420.1,Bangladesh,P.1.14,complete
MW785206.1,Bangladesh,B.1.1.25,complete
MW785207.1,Bangladesh,B.1.1.7,complete
MW624725.1,Bangladesh,B.1.1.7,complete
MW599343.1,Bangladesh,B.1.36.8,complete
MW531680.1,Bangladesh,B.1.1.7,complete
MW532093.1,Bangladesh,B.1.1.25,complete
MW532094.1,Bangladesh,B.1.1.25,complete
MW532095.1,Bangladesh,B.1.1.25,complete
MW532096.1,Bangladesh,B.1.1.25,complete
MW532098.1,Bangladesh,B.1.1.25,complete
MW532099.1,Bangladesh,B.1.1.25,complete
MW532100.1,Bangladesh,B.1.1.25,complete
MW532101.1,Bangladesh,B.1.1.25,complete
MT775558.1,Bangladesh,B.1.1.25,complete
MT775559.1,Bangladesh,B.1.1.25,complete
MT775560.1,Bangladesh,B.1.1.25,complete
MT775561.1,Bangladesh,B.1.1.25,complete
MT775562.1,Bangladesh,B.1.1.25,complete
MT775563.1,Bangladesh,B.1.1.25,complete
MT775564.1,Bangladesh,B.1.1.25,complete
MT775565.1,Bangladesh,B.1.1.25,complete
MT775566.1,Bangladesh,B.1.1.25,complete
MT775567.1,Bangladesh,B.1.1.25,complete
MT775568.1,Bangladesh,B.1.1.25,complete
MT775569.1,Bangladesh,B.1.1,complete
MT775570.1,Bangladesh,B.1.1.25,complete
MT775571.1,Bangladesh,B.1.1.25,complete
MT775572.1,Bangladesh,B.1.1,complete
MT742761.1,Bangladesh,B.1.1.25,complete
MT742762.1,Bangladesh,B.1.1.25,complete
MT745750.1,Bangladesh,B.1.1.25,complete
MT745751.1,Bangladesh,B.1.1.25,complete
MT745752.1,Bangladesh,B.1.1.25,complete
MT745753.1,Bangladesh,B.1.1.25,complete
MT745754.1,Bangladesh,B.1.1.25,complete
MT745755.1,Bangladesh,B.1.1.25,complete
MT745757.1,Bangladesh,B.1.1.25,complete
MT745758.1,Bangladesh,B.1.1.25,complete
MT745759.1,Bangladesh,B.1.1.25,complete
MT745760.1,Bangladesh,B.1.1.25,complete
MT745761.1,Bangladesh,B.1.1.25,complete
MT745762.1,Bangladesh,B.1.1.25,complete
MT745763.1,Bangladesh,B.1.1.25,complete
MT745764.1,Bangladesh,B.1,complete
MT745765.1,Bangladesh,B.1.1.25,complete
MT800875.1,Bangladesh,B.1.1.25,complete
MT800876.1,Bangladesh,B.1.1.25,complete
MT800877.1,Bangladesh,B.1.1.25,complete
MT800878.1,Bangladesh,B.1.1,complete
MT800879.1,Bangladesh,B.1.1.25,complete
MT800880.1,Bangladesh,B.1.1.25,complete
MT800881.1,Bangladesh,B.1.1.25,complete
MT800882.1,Bangladesh,B.1.1.25,complete
MT800883.1,Bangladesh,B.1.1.25,complete
MT800884.1,Bangladesh,B.1.1.25,complete
MT800885.1,Bangladesh,B.1.1.25,complete
MT800886.1,Bangladesh,B.1.1.25,complete
MT800887.1,Bangladesh,B.1.1.25,complete
MT800888.1,Bangladesh,B.1.1.25,complete
MT800889.1,Bangladesh,B.1.1,complete
MT800890.1,Bangladesh,B.1.1,complete
MT800891.1,Bangladesh,B.1.36.8,complete
MT800892.1,Bangladesh,B.1.36.8,complete
MT800893.1,Bangladesh,B.1.1.25,complete
MT800894.1,Bangladesh,B.1.1.25,complete
MT818579.1,Bangladesh,B.1.1.25,complete
MT818580.1,Bangladesh,B.1.1.25,complete
MT818581.1,Bangladesh,B.1.1,complete
MT818582.1,Bangladesh,B.1.1.25,complete
MT818583.1,Bangladesh,B.1.1.25,complete
MT818584.1,Bangladesh,B.1.1.25,complete
MT818585.1,Bangladesh,B.1.1.25,complete
MT818586.1,Bangladesh,B.1.1.25,complete
MT818587.1,Bangladesh,B.1.1.25,complete
MT818588.1,Bangladesh,B.1.1.25,complete
MT818589.1,Bangladesh,B.1.1.25,complete
MT818590.1,Bangladesh,B.1.36.8,complete
MT818591.1,Bangladesh,B.1.1.25,complete
MT860679.1,Bangladesh,B.1.1.25,complete
MT860680.1,Bangladesh,B.1.1.25,complete
MT860681.1,Bangladesh,B.1.1.25,complete
MT860682.1,Bangladesh,B.1.1.25,complete
MT860683.1,Bangladesh,B.1.1.25,complete
MT860684.1,Bangladesh,B.1.1.25,complete
MT860685.1,Bangladesh,B.1.1.25,complete
MT860686.1,Bangladesh,B.1.1.25,complete
MT860687.1,Bangladesh,B.1.1.25,complete
MT860688.1,Bangladesh,B.1.1.25,complete
MT860689.1,Bangladesh,B.1.1.25,complete
MT860690.1,Bangladesh,B.1.1.25,complete
MT860691.1,Bangladesh,B.1.36.16,complete
MT860692.1,Bangladesh,B.1.36.16,complete
MT860693.1,Bangladesh,B.1.36.16,complete
MT879645.1,Bangladesh,B.1.36.8,complete
MT879646.1,Bangladesh,B.1.1.25,complete
MT879647.1,Bangladesh,B.1.1.25,complete
MT879648.1,Bangladesh,B.1.1.25,complete
MT879649.1,Bangladesh,B.1.1,complete
MT879650.1,Bangladesh,B.1.1.25,complete
MT879651.1,Bangladesh,B.1.1.25,complete
MT879652.1,Bangladesh,B.1.1.25,complete
MT879653.1,Bangladesh,B.1.1.25,complete
MT879654.1,Bangladesh,B.1.1.25,complete
MT879655.1,Bangladesh,B.1.1.25,complete
MT879656.1,Bangladesh,B.1.1.25,complete
MT879657.1,Bangladesh,B.1.1.25,complete
MT879658.1,Bangladesh,B.1.1.25,complete
MT913008.1,Bangladesh,B.1.1.25,complete
MT913009.1,Bangladesh,B.1.1.25,complete
MT913010.1,Bangladesh,B.1.1.25,complete
MT913011.1,Bangladesh,B.1.1.25,complete
MT913012.1,Bangladesh,B.1.1,complete
MT913013.1,Bangladesh,B.1.1.25,complete
MT913014.1,Bangladesh,B.1.1.25,complete
MT581410.1,Bangladesh,B.1.1.25,complete
MT581411.1,Bangladesh,B.1.1.25,complete
MT581412.1,Bangladesh,B.1.1,complete
MT581413.1,Bangladesh,B.1.1.25,complete
MT581414.1,Bangladesh,B.1.1.25,complete
MT581415.1,Bangladesh,B.1,complete
MT581416.1,Bangladesh,B.1,complete
MT581417.1,Bangladesh,B.1,complete
MT581418.1,Bangladesh,B.1,complete
MT581419.1,Bangladesh,B.1,complete
MT581420.1,Bangladesh,B.1.1.25,complete
MT581421.1,Bangladesh,B.1.1.25,complete
MT581422.1,Bangladesh,B.1.1.25,complete
MT581423.1,Bangladesh,B.1.1.25,complete
MT581426.1,Bangladesh,B.1.1.25,complete
MT581427.1,Bangladesh,B.1.1,complete
MT581428.1,Bangladesh,B.1.1,complete
MT581429.1,Bangladesh,B.1,complete
MT581430.1,Bangladesh,B.1,complete
MT581431.1,Bangladesh,B.1,complete
MT581432.1,Bangladesh,B.1.1.175,complete
MT581434.1,Bangladesh,B.1,complete
MT581435.1,Bangladesh,B.1.1,complete
MT581436.1,Bangladesh,B.1.1.175,complete
MT607972.1,Bangladesh,B.1.1,complete
MT607973.1,Bangladesh,B.1,complete
MT607974.1,Bangladesh,B.1.1.175,complete
MT607975.1,Bangladesh,B.1.1.25,complete
MT607976.1,Bangladesh,B.1.1.175,complete
MT676412.1,Bangladesh,B.1.1.25,complete
MT676413.1,Bangladesh,B.1,complete
MT676414.1,Bangladesh,B.1.1.25,complete
MT676415.1,Bangladesh,B.1.1,complete
MT676416.1,Bangladesh,B.1.1,complete
MT676417.1,Bangladesh,B.1.1.25,complete
MT676418.1,Bangladesh,B.1.1.25,complete
MT676419.1,Bangladesh,B.1.1.25,complete
MT676420.1,Bangladesh,B.1.1.25,complete
MT676421.1,Bangladesh,B.1.1,complete
MT876431.1,Bangladesh,B.1.1,complete
MT876432.1,Bangladesh,B.1.1.25,complete
MT876433.1,Bangladesh,B.1.1.25,complete
MT876525.1,Bangladesh,B.1.1.25,complete
MT876526.1,Bangladesh,B.1.1,complete
MT876527.1,Bangladesh,B.1.1.25,complete
MT876546.1,Bangladesh,B.1.1.25,complete
MT876547.1,Bangladesh,B.1.1.25,complete
MT876548.1,Bangladesh,B.1.1.25,complete
MT876554.1,Bangladesh,B.1.1.25,complete
MT876555.1,Bangladesh,B.1.1.25,complete
MT876556.1,Bangladesh,B.1.1,complete
MT876571.1,Bangladesh,B.1.1.25,complete
MT876572.1,Bangladesh,B.1.1.25,complete
MT876598.1,Bangladesh,B.1.1.25,complete
MT876599.1,Bangladesh,B.1.1.25,complete
MT876606.1,Bangladesh,B.1.1.25,complete
MT876607.1,Bangladesh,B.1.1.25,complete
MT856452.1,Bangladesh,B.1.1,complete
MT856453.1,Bangladesh,B.1.1.25,complete
MT856454.1,Bangladesh,B.1.1.25,complete
MT856455.1,Bangladesh,B.1.1.25,complete
MT856456.1,Bangladesh,B.1.1.25,complete
MT856457.1,Bangladesh,B.1.1.25,complete
MT856458.1,Bangladesh,B.1.1.25,complete
MT856459.1,Bangladesh,B.1.1.25,complete
MT846004.1,Bangladesh,B.1.1,complete
MT846005.1,Bangladesh,B.1.1.25,complete
MT846006.1,Bangladesh,B.1.1.25,complete
MT846007.1,Bangladesh,B.1.1.25,complete
MT846008.1,Bangladesh,B.1.1.25,complete
MT846009.1,Bangladesh,B.1.1.25,complete
MT846010.1,Bangladesh,B.1.1.25,complete
MT846011.1,Bangladesh,B.1.1.25,complete
MT846012.1,Bangladesh,B.1.1.25,complete
MT846013.1,Bangladesh,B.1.1.25,complete
MT846014.1,Bangladesh,B.1.1.25,complete
MT846015.1,Bangladesh,B.1.1.25,complete
MT847208.1,Bangladesh,B.1.36.8,complete
MT847209.1,Bangladesh,B.1.1.25,complete
MT847210.1,Bangladesh,B.1.1.25,complete
MT847211.1,Bangladesh,B.1.1.25,complete
MT847212.1,Bangladesh,B.1.1.25,complete
MT847213.1,Bangladesh,B.1.1.25,complete
MT847214.1,Bangladesh,B.1.1.25,complete
MT847215.1,Bangladesh,B.1,complete
MT847216.1,Bangladesh,B.1.1.25,complete
MT847217.1,Bangladesh,B.1.1.25,complete
MT847218.1,Bangladesh,B.1.1.25,complete
MT847219.1,Bangladesh,B.1.1.25,complete
MT847220.1,Bangladesh,B.1.1.25,complete
MT847221.1,Bangladesh,B.1.1.25,complete
MT847222.1,Bangladesh,B.1.36.16,complete
MT847223.1,Bangladesh,B.1.1.25,complete
MT847224.1,Bangladesh,B.1.1.25,complete
MT847225.1,Bangladesh,B.1.1.25,complete
MT847226.1,Bangladesh,B.1.1.25,complete
MT847227.1,Bangladesh,B.1.1.25,complete
MT847228.1,Bangladesh,B.1.1.25,complete
MT762396.1,Bangladesh,B.1.1.25,complete
MT762397.1,Bangladesh,B.1.1.25,complete
MT762398.1,Bangladesh,B.1.36.16,complete
MT762942.1,Bangladesh,B.1.1.25,complete
MT762943.1,Bangladesh,B.1.1.25,complete
MT762944.1,Bangladesh,B.1.1.25,complete
MT755827.1,Bangladesh,B.1.1.25,complete
MT755828.1,Bangladesh,B.1.1.25,complete
MT755829.1,Bangladesh,B.1.1.25,complete
MT755830.1,Bangladesh,B.1.1.25,complete
MT755831.1,Bangladesh,B.1.1.25,complete
MT755832.1,Bangladesh,B.1.1.25,complete
MT755833.1,Bangladesh,B.1.1.25,complete
MT755834.1,Bangladesh,B.1.1.25,complete
MT755835.1,Bangladesh,B.1.1.25,complete
MT755836.1,Bangladesh,B.1.1.25,complete
MT755837.1,Bangladesh,B.1.1.25,complete
MT755838.1,Bangladesh,B.1.1.25,complete
MT755857.1,Bangladesh,B.1.36.16,complete
MT755858.1,Bangladesh,B.1.1,complete
MT755900.1,Bangladesh,B.1.1.25,complete
MT755901.1,Bangladesh,B.1.1.25,complete
MT755916.1,Bangladesh,B.1.159,complete
MT755917.1,Bangladesh,B.1.1.25,complete
MT755955.1,Bangladesh,B.1.1.25,complete
MT755956.1,Bangladesh,B.1.1.25,complete
MT755973.1,Bangladesh,B.1,complete
MT740381.1,Bangladesh,B.1.1.25,complete
MT740382.1,Bangladesh,B.1.1.25,complete
MT740383.1,Bangladesh,B.1.1.25,complete
MT740384.1,Bangladesh,B.1.1.25,complete
MT740390.1,Bangladesh,B.1.1.25,complete
MT740391.1,Bangladesh,B.1.1,complete
MT740392.1,Bangladesh,B.1.1.25,complete
MT740393.1,Bangladesh,B.1.1.25,complete
MT740394.1,Bangladesh,B.1.1.25,complete
MT740395.1,Bangladesh,B.1.1.25,complete
MT740396.1,Bangladesh,B.1.1.25,complete
MT740397.1,Bangladesh,B.1.1.25,complete
MT740401.1,Bangladesh,B.1.1.25,complete
MT740402.1,Bangladesh,B.1.1.25,complete
MT740403.1,Bangladesh,B.1.1.25,complete
MT740404.1,Bangladesh,B.1.1,complete
MT740431.1,Bangladesh,B.1.1.25,complete
MT740432.1,Bangladesh,B.1.1,complete
MT740434.1,Bangladesh,B.1.1.25,complete
MT740435.1,Bangladesh,B.1.1.25,complete
MT740439.1,Bangladesh,B.1.1.25,complete
MT740440.1,Bangladesh,B.1.1.25,complete
MT740476.1,Bangladesh,B.1.1.25,complete
MT740477.1,Bangladesh,B.1.1.25,complete
MT740478.1,Bangladesh,B.1.1.25,complete
MT740479.1,Bangladesh,B.1.1.25,complete
MT740480.1,Bangladesh,B.1.1.25,complete
MT731653.1,Bangladesh,B.1.1,complete
MT731654.1,Bangladesh,B.1.1.25,complete
MT731655.1,Bangladesh,B.1.1,complete
MT731656.1,Bangladesh,B.1.36.8,complete
MT731657.1,Bangladesh,B.1.1.25,complete
MT731658.1,Bangladesh,B.1.1.25,complete
MT731659.1,Bangladesh,B.1.1.25,complete
MT731660.1,Bangladesh,B.1.1.25,complete
MT731661.1,Bangladesh,B.1.1.25,complete
MT731662.1,Bangladesh,B.1.36.8,complete
MT731663.1,Bangladesh,B.1.1.59,complete
MT731664.1,Bangladesh,B.1.1.175,complete
MT731665.1,Bangladesh,B.1.1.25,complete
MT731666.1,Bangladesh,B.1.36.8,complete
MT731667.1,Bangladesh,B.1.1.25,complete
MT731668.1,Bangladesh,B.1.1.25,complete
MT731669.1,Bangladesh,B.1.36.16,complete
MT731733.1,Bangladesh,B.1.1.25,complete
MT731734.1,Bangladesh,B.1.1.25,complete
MT731735.1,Bangladesh,B.1.1.25,complete
MT731736.1,Bangladesh,B.1.1.25,complete
MT731737.1,Bangladesh,B.1.1.25,complete
MT731738.1,Bangladesh,B.1.36.16,complete
MT731739.1,Bangladesh,B.1.1.25,complete
MT731740.1,Bangladesh,B.1.1.25,complete
MT731741.1,Bangladesh,B.1.1.25,complete
MT731742.1,Bangladesh,B.1.1.25,complete
MT731743.1,Bangladesh,B.1.1,complete
MT731744.1,Bangladesh,B.1.1.25,complete
MT731931.1,Bangladesh,B.1.1,complete
MT731932.1,Bangladesh,B.1.1,complete
MT731933.1,Bangladesh,B.1.1.25,complete
MT731934.1,Bangladesh,B.1.1.25,complete
MT731935.1,Bangladesh,B.1.1.25,complete
MT731936.1,Bangladesh,B.1.1.25,complete
MT731937.1,Bangladesh,B.1.1.25,complete
MT731938.1,Bangladesh,B.1.1.25,complete
MT664105.1,Bangladesh,B.1.1.25,complete
MT664106.1,Bangladesh,B.1.1.25,complete
MT664107.1,Bangladesh,B.1.36.16,complete
MT664109.1,Bangladesh,B.1.1.25,complete
MT664171.1,Bangladesh,B.1.1.25,complete
MT664175.1,Bangladesh,B.1.1.25,complete
MT666068.1,Bangladesh,B.1.1.25,complete
MT666099.1,Bangladesh,B.1.1.25,complete
MT667351.1,Bangladesh,B.1.1.25,complete
MT655742.1,Bangladesh,B.1.1.25,complete
MT655743.1,Bangladesh,B.1.1.25,complete
MT655744.1,Bangladesh,B.1.1.25,complete
MT655745.1,Bangladesh,B.1.1.25,complete
MT655746.1,Bangladesh,B.1.1.25,complete
MT655750.1,Bangladesh,B.1.1.25,complete
MT655751.1,Bangladesh,B.1.1.25,complete
MT655948.1,Bangladesh,B.1.1.25,complete
MT656010.1,Bangladesh,B.1.1.25,complete
MT656011.1,Bangladesh,B.1.1.25,complete
MT656256.1,Bangladesh,B.1.1.25,complete
MT656257.1,Bangladesh,B.1.1.25,complete
MT656590.1,Bangladesh,B.1.1.25,complete
MT656591.1,Bangladesh,B.1.1.25,complete
MT657271.1,Bangladesh,B.1.1.25,complete
MT657275.1,Bangladesh,B.1.1.25,complete
MT657958.1,Bangladesh,B.1.1.25,complete
MT648676.1,Bangladesh,B.1.1.25,complete
MT635672.1,Bangladesh,B.1.1.25,complete
MT607245.1,Bangladesh,B.1.1,complete
MT607246.1,Bangladesh,B.1.1.25,complete
MT607247.1,Bangladesh,B.1.1,complete
MT607248.1,Bangladesh,B.1.1.25,complete
MT607252.1,Bangladesh,B.1.1.25,complete
MT607253.1,Bangladesh,B.1.1.25,complete
MT607254.1,Bangladesh,B.1.1.25,complete
MT607255.1,Bangladesh,B.1.1.25,complete
MT601275.1,Bangladesh,B.1.1.25,complete
MT601276.1,Bangladesh,B.1.1,complete
MT601277.1,Bangladesh,B.1.1.25,complete
MT601278.1,Bangladesh,B.1.1.25,complete
MT601279.1,Bangladesh,B.1.1,complete
MT601280.1,Bangladesh,B.1.1.25,complete
MT601281.1,Bangladesh,B.1.36.16,complete
MT601282.1,Bangladesh,B.1.36.16,complete
MT601283.1,Bangladesh,B.1.36.16,complete
MT601284.1,Bangladesh,B.1.1,complete
MT601285.1,Bangladesh,B.1.1.25,complete
MT601286.1,Bangladesh,B.1.1.25,complete
MT601287.1,Bangladesh,B.1.1.25,complete
MT601288.1,Bangladesh,B.1.1.25,complete
MT601289.1,Bangladesh,B.1.1.25,complete
MT601290.1,Bangladesh,B.1.1,complete
MT601291.1,Bangladesh,B.1.1.25,complete
MT601292.1,Bangladesh,B.1.1.25,complete
MT601293.1,Bangladesh,B.1.1.25,complete
MT601294.1,Bangladesh,B.1.1.175,complete
MT601295.1,Bangladesh,B.1,complete
MT577359.1,Bangladesh,B.1,complete
MT576639.1,Bangladesh,B.1.1.25,complete
MT576640.1,Bangladesh,B.1.1.25,complete
MT576641.1,Bangladesh,B.1.1.25,complete
MT576642.1,Bangladesh,B.1.1.25,complete
MT576643.1,Bangladesh,B.1.1.25,complete
MT576644.1,Bangladesh,B.1.1.25,complete
MT576689.1,Bangladesh,B.1.1.25,complete
MT578016.1,Bangladesh,B.1.1.25,complete
MT578017.1,Bangladesh,B.1.1.25,complete
MT566435.1,Bangladesh,B.1.1.25,complete
MT566436.1,Bangladesh,B.1.1.25,complete
MT566437.1,Bangladesh,B.1,complete
MT539158.1,Bangladesh,B.1.1.25,complete
MT539159.1,Bangladesh,B.1.1.25,complete
MT539160.1,Bangladesh,B.1.1.25,complete
MT509958.1,Bangladesh,B.1.1.25,complete
MT502774.1,Bangladesh,A,complete
MT476385.1,Bangladesh,B.1.1.25,complete
