@SQ	SN:NC_003198.1	LN:4809037
@PG	ID:bwa	PN:bwa	VN:0.7.17-r1188	CL:bwa mem -t 14 refs/Typhi_CT18.fasta data/STY_0014_R1.fastq.gz data/STY_0014_R2.fastq.gz
VH00293:1:AAAM7FVM5:1:1101:50611:1038	83	NC_003198.1	2329317	60	150M	=	2329299	-168	CTGGCCGCAAATGATTTGCGTCAGGCGCTGTCTGTCTTCATGCGTGAGCATGTTCAGGTAGGTGTGCGCCAGTTCGTTACTCAGAATATTGACACCATCAATAGTGCGCAGAATACAGATCCCCACCGGCGCGGAGGCAACGATTTTACG	C-CCCCCCC;CCCC-CCCCCCC;C;CCCCCCC;C;CCCCCCCCCCCCCCCCCCCCCCCCCCCCCCCCCCCCCCCCCCCCCCCCCCCCCCCCCCCCCCCCCCCCCCCCCCCCCCCCCCCCCCCCC;CCCCCCCCCCCCCCCCCCCCCCCCC	NM:i:0	MD:Z:150	MC:Z:151M	AS:i:150	XS:i:0
VH00293:1:AAAM7FVM5:1:1101:50611:1038	163	NC_003198.1	2329299	60	151M	=	2329317	168	ATCAACAAAGTTGACCTGCTGGCCGCAAATGATTTGCGTCAGGCGCTGTCTGTCTTCATGCGTGAGCATGTTCAGGTAGGTGTGCGCCAGTTCGTTACTCAGAATATTGACACCATCAATAGTGCGCAGAATACAGATCCCCACCGGCGCG	;CCCCC-CCCCCCCCCCCCCCCCCCCCCCCCCCC;CCCCCCCCCCCCCC;CCCCCCCCCC;CCCCCC;CCCCCCCCCCCCCC;C-CCCCCCCCCCCCCCCCCC;CCCCCCCC;CC-;C;CCCCC-CC-CCCCCCCCCCC-CCCCCCCCCCC	NM:i:0	MD:Z:151	MC:Z:150M	AS:i:151	XS:i:0
VH00293:1:AAAM7FVM5:1:1101:61669:1038	83	NC_003198.1	2873318	60	116S35M	=	2873318	-35	CCCCCCCCCCCCCCCCCCACACCACCCCCACAAGACCGCAAACCAGATAAGCCTTCCACTGTGACTGGAGTTCAGACGTGTGCTCTTCCGATCTGTTCACTTTCCAGAAATTCTCTTATTGTCAGAATAGTGAGCGTGCCTTACCGACGAT	CCCCCCCCCCCC;CCCC-------C--CC--C---C---C-;C;--;;CCCCCCCCCCCC;CCCCCCCCCCCCCCCCCCCCCCCCCCCCCCCCCCCCCCCCCCC;CCCCCCCCCCCCCC;C;CCCCCCCCCCCCCCCCCC-CCCCCCCCCC	NM:i:0	MD:Z:35	MC:Z:22S36M93S	AS:i:35	XS:i:0
VH00293:1:AAAM7FVM5:1:1101:61669:1038	163	NC_003198.1	2873318	60	22S36M93S	=	2873318	35	GTTCACTTTCCAGAAATTCTCTTATTGTCAGAATAGTGAGCGTGCCTTACCGACGATAGATCGGAAGAGCGTCGTGTAGGGAAAGAGTGTTCACCTCTATAGGTGTAGATCTCCGTGGTCGCCGTTTGTGTTATAACAGCGGGGGGGGGGG	CCCC;CCCCCC;C-C;CCCCCCC-CCCCCCC;CCCCCCCCCCCCCCCC-C-CCCC;C-CCCCCCCCCCCCCCCCCC---CC--C---CC;C--CC-C-CC-;C;CC;CCC-------C--C-;;--C---C-C-C---C--C---;CC;;-	NM:i:0	MD:Z:36	MC:Z:116S35M	AS:i:36	XS:i:0
VH00293:1:AAAM7FVM5:1:1101:43662:1057	83	NC_003198.1	3459458	60	76S75M	=	3459458	-75	CTTTTTCAAGCAGAAGACGGCATACGAGATAAGCCTTCCACTGTGACTGGAGTTCAGACGTGTGCTCTTCCGATCTAAAAAATATGCCTCCCCTTGTAAGGGGGGTAGCATATTGTCATGCTAACGACGTAACCCAACATATGGATGTGAA	--CCCCCC;;CCCCCCC-;C-CCCC--CCCCCCCCCCCCCCCCCC;CCCCCCCCCCC;CCCCCCCCCCCCCCCCCCCCCCCC-CCCCCCCCCC-CCCCCCCCCCCCCCCC;CCCCCCCCCCCCCCCCCCCCCCCCCCCCCCCCCCCCCCCC	NM:i:0	MD:Z:75	MC:Z:76M75S	AS:i:75	XS:i:0
VH00293:1:AAAM7FVM5:1:1101:43662:1057	163	NC_003198.1	3459458	60	76M75S	=	3459458	75	AAAAAATATGCCTCCCCTTGTAAGGGGGGTAGCATATTGTCATGCTAACGACGTAACCCAACATATGGATGTGAAAGATCGGAAGAGCGTCGTGTAGGGTAAGTTTGTTAACCACTATCGGTGTAGATCTCGGTGGGGGCCGTATCATTAA	CCCCCCCCCCCCCCCCCCCCC;-CCCCCCC;CCCCCCCCCCCCCCCCCCCCCCCCCCC;CCCCC-CCCCCCCCCCCC-CCCCCCCCCCCCCCCC-;-CC-;C---CCCC--CCC-C-C;-C--C-;-C--;CCCCC--C-;C--CCCC;;C	NM:i:0	MD:Z:76	MC:Z:76S75M	AS:i:76	XS:i:0
VH00293:1:AAAM7FVM5:1:1101:42128:1076	99	NC_003198.1	534621	60	121M30S	=	534623	120	CTGCACCGTATTGCGATGGTGCAACTTTCGCCTGCCGCGTTAGGCAGCGATATGGCGGCTATCGAGCAACGGATGCGCGAACTTGCCCGGACGGTGCCTCCCGGCGATCTTCAGCTCTATTGATCGGAAGAGCACACGTCTGAACTCCAGT	CCCCCCCCCCCCCCCCCCCCCCC;CCCCCCCCCCCCCCCCCCCCCCCCCCCCCCCCCCCCCCCCCCCCCCCCCCCCCCCC;CCCCCCCCCCCCCCCCCCCC-CCCCCCCCCCCCCCCCCC-CCCCCCCCCCCCCC;CCCCCCC-CCCCC-C	NM:i:0	MD:Z:121	MC:Z:33S118M	AS:i:121	XS:i:0
VH00293:1:AAAM7FVM5:1:1101:42128:1076	147	NC_003198.1	534623	60	33S118M	=	534621	-120	ACACTTACCCAACACGACGCTCTTCCGATCACCGCACCGTATTGCGATGCTGCAACTTTCGCCTGCCGCGTTAGGCAGCGATATGGCGGCTATCGAGCAACGGATGCGCGAACTTGCCCGGACGGTCCCTCCCGGCGATCTTCAGCTCTAT	----CC-CC-C-C-CCCC;C---CCCCCCC-C-C;CCCC;C;CCCCCCC-CCC;CCCC-CCCC;-;CCCCCCCCCCCCCCC;--;CCC;CCCCC-C;CCCCCCCCCCCCC;CCCC;CCCCCCCCC--CCCCCCCCC-CCCCCCCCCCCCC-	NM:i:2	MD:Z:16G76G24	MC:Z:121M30S	AS:i:108	XS:i:0
VH00293:1:AAAM7FVM5:1:1101:53300:1076	83	NC_003198.1	4657036	60	71S80M	=	4657036	-80	TTCCACTGTGACTGGAGTTCAGACGTGTGCTCTTCCGATCTAGATCTACCCGAAAAGTTTTCAGGACACGACGGTCCTGGAGGGAGTAGACGAAACCGCCGCGCGTCAGCTCTCCGGACGCTGGCAGAAAATCGATGAGATTCCGTTTGAT	-CCCCCCCCCCCCCC;-CCCCCC-CCCCCCCCCC;;;-CCCC-C;CCCCCC-CCCCCCCC-;CCCCCCCCCCCCCCCCCCCCCCCCCCCCCCCCCCCCCCCCCCCCCCCC-CCCCCCCCCCCCCCCCCCCCCCCCCCCCCCCCCC-;CCCC	NM:i:0	MD:Z:80	MC:Z:30S80M39S	AS:i:80	XS:i:0	SA:Z:NC_003198.1,4652759,+,79S31M41S,60,0;
VH00293:1:AAAM7FVM5:1:1101:53300:1076	2115	NC_003198.1	4652759	60	79H31M41H	=	4657036	4278	GTCGTGTCCTGAAAACTTTTCGGGTAGATCT	CCCCCCCCCC;-CCCCCCCC-CCCCCC;C-C	NM:i:0	MD:Z:31	MC:Z:30H80M39H	AS:i:31	XS:i:0	SA:Z:NC_003198.1,4657036,-,71S80M,60,0;
VH00293:1:AAAM7FVM5:1:1101:53300:1076	163	NC_003198.1	4657036	60	30S80M39S	=	4657036	80	AGATCTACCCGAAAAGTTTTCAGGACACGACGGTCCTGGTGGGAGTAGACGAAACCGCCGCGCGTCAGCTCTCCGGACGCTGGCAGAAAATCGATGAGATTCCGTTTGATAGATCGGAAGAGCGTCGTGGAGGGAAAGTCTGTTAACAA	C;-CCCCCCCCC;CCCCCCCCCCCCCCCCCCCCCCCC-C-CCC-CCCC-CCCCCCCCCCCCCCCCCCCCCCCC-CCCCC;CCCC-C-CCCCCCCCC-C-C;CCCCCCCCC-C;C-CCC-;CCC;;C;CC-CCCC-;C---;-CC--;--	NM:i:1	MD:Z:9A70	MC:Z:71S80M	AS:i:75	XS:i:0	SA:Z:NC_003198.1,4652759,-,118S31M,60,0;
VH00293:1:AAAM7FVM5:1:1101:53300:1076	2227	NC_003198.1	4652759	60	118H31M	=	4657036	4327	GTCGTGTCCTGAAAACTTTTCGGGTAGATCT	CCCCCCCCCCCCCCCCCC;CCCCCCCCC-;C	NM:i:0	MD:Z:31	MC:Z:71H80M	AS:i:31	XS:i:0	SA:Z:NC_003198.1,4657036,+,30S80M39S,60,1;
VH00293:1:AAAM7FVM5:1:1101:57466:1076	99	NC_003198.1	3285954	60	50M101S	=	3285954	50	GCCTTTGGCGATATTCCCGTCGTTCACGGTATGCCTTTTGTTTCCGGCGTAGATCGGAAGAGCACACGTCTGAACTCCAGTCACAGTGGAAGGCTTATCTGGTTTGCCGTCTTCTGGTTGTAATTTGGGGGGGGGGGGGGGGGGGGGGGGG	CCCCCCC;CCCC;CCCCCCCCCCCCCCCCCCCCCCCCCCCCCCCCCCCCCCCCCCCCCCCCCCCCCCC-CCCCCCCCCCCCCCCCCCCCCCCCCCCCC-;-;--CC-;C;--;--C---C------;-;CCC;CCCCCCCCCCCCCCCCCC	NM:i:0	MD:Z:50	MC:Z:101S50M	AS:i:50	XS:i:0
VH00293:1:AAAM7FVM5:1:1101:57466:1076	147	NC_003198.1	3285954	60	101S50M	=	3285954	-50	CCCCCCCCCCCCCCCCCCCCCATTTTTACTCAACCGCCGACCACCGAGATCTACACCGATAGTGGTGAACACTCTTTCCCTACACGACGCTCATCCGATCTGCCTTTGGCGATATTCCCGTCGTTCACGGTATGCCTTTTGTTTCCGGCGT	C;CCC;CCCC;CC;C;CCC---C------C--;-;-;C;CCC-CC;CCC--CCCC-;-CC-C-CCC-C-CCCC-;C-CC---;CCCCCCCCC-CCCCC-CCCCCC-CCCCCC;CCCCCCCCCCCCCCCCCCCCCCCC;CCCCCCCCCCCCC	NM:i:0	MD:Z:50	MC:Z:50M101S	AS:i:50	XS:i:0
VH00293:1:AAAM7FVM5:1:1101:46691:1095	83	NC_003198.1	4135047	60	150M	=	4134930	-267	ACATTACCGAGCCGCATCTGGGCGAAGGCAAAATGCCTTCTTTCGGCTTCAGCCTGTCGCTGATCCTGCTGCCGTTGGTGCTGGTAGGACTGAAAACGATCGCCGCGCGCTTTGTGCCGGAAGGTTCCACCGCTTATGAATGGTTTGAGT	CCCCCCCCCCCCC-CCCCCCCCCCCCCCCCCCCCCCCC;CCCCCCCCCCCCCCCCCCCCCCCCCCCCCCCCCCCCCCCCCCCCCCCCCCCCCCCCCCCCCCCCCCCCCCCCCCCCCCCCCCCCCCCCCCCCCCCCCCCCCC;C;CCCCCC	NM:i:0	MD:Z:150	MC:Z:151M	AS:i:150	XS:i:19
VH00293:1:AAAM7FVM5:1:1101:46691:1095	163	NC_003198.1	4134930	60	151M	=	4135047	267	CTGATTTCGGCTGGATGATCCTGATTGGGCTGTGCGCCGCCATTCCTGGCATGATTATCGCCGGGCCGCTGTGGGGGAATTTTATCAGCCGTTACGTTGAGCTGCGTATTCCTGACGACATTACCGAGCCGCATCTGGGCGAAGGCAACAT	;CCCCCCCCCCCCC;CCCC;CCCCCCCCCCCCCCCCCCCCCCCCCCCCCCCCCCCC-CCCCCCCCC-CCCCCCCCCCC;CCCCCCC;C;CCCCC-CCCCCCCCCCCCCCCCC;CCC-CCCCC;CCCCC-CCCC;CC-CCCCCCC-C--;C;	NM:i:1	MD:Z:148A2	MC:Z:150M	AS:i:148	XS:i:0
VH00293:1:AAAM7FVM5:1:1101:49872:1095	83	NC_003198.1	1399709	60	151M	=	1399676	-184	TAAAGCGGTCAACGCCTCGGCATAGCGCAGCGGATCGGCGGAGGCCAGTGAAGGGTGCAGGATCATCGGAACCTTCATCAGCGCAATGCGGTTAATTGCGCGAAAAGCGCGGCATCATTTGGCGCATCTTGCAACATCGCGACGCTTTCCG	-CCCCCCCCCCCC-CCCCCCCCCCCCCCCCCCCCCCCCCCCCCCCCCCCC;-CCCCCCCCCC-CCCCCCCCCCCCCCCCCCCCCCCCCCCCCCC-CCCCCCCCCCCCCCCCCCCCCCCCCCCCCCC;CCCCCCCCCCCCCCCCCCCCCCCC	NM:i:0	MD:Z:151	MC:Z:151M	AS:i:151	XS:i:0
VH00293:1:AAAM7FVM5:1:1101:49872:1095	163	NC_003198.1	1399676	60	151M	=	1399709	184	ATCCAGATGCAGCGAGCCGAGAGGCGCATCGTGTAAAGCGGTCAACGCCTCGGCATAGCGCAGCGGATCGGCGGAGGCCAGTGAAGGGTGCAGGATCATCGGAACCTTCATCAGCGCAATGCGGTTAATTGCGCGAAAAGCGCGGCATCAT	CCCCCCC;CCCCCCCCCCCCC-CCCC;CCCCCCCCCCCCCCCCCCC;CCCCCCCCCCCCC;CCCCCCCCCCCCCCCCCCCCCCCCCCCCCCCCCCCCCCCCCCCCCC;CC;-CCCCC;CC--CCCCC-CCCCCCC;;C-CC--CC;;CCCC	NM:i:0	MD:Z:151	MC:Z:151M	AS:i:151	XS:i:0
